Country Name,Country Code,Series Name,Series Code,2001 [YR2001],2002 [YR2002],2003 [YR2003],2004 [YR2004],2005 [YR2005],2006 [YR2006],2007 [YR2007],2008 [YR2008],2009 [YR2009],2010 [YR2010],2011 [YR2011],2012 [YR2012],2013 [YR2013],2014 [YR2014],2015 [YR2015],2016 [YR2016],2017 [YR2017],2018 [YR2018],2019 [YR2019],2020 [YR2020]
Afghanistan,AFG,Current account balance (% of GDP),BN.CAB.XOKA.GD.ZS,..,..,..,..,..,..,..,-2.35800706239769,2.23189679843934,-3.64333544007345,-12.6201089578522,-25.748751430756,-24.7800367689079,-15.781846710276,-21.0619026265545,-13.9880853958358,-17.6056863912819,-19.9997978720271,-19.8528636850795,..
Albania,ALB,Current account balance (% of GDP),BN.CAB.XOKA.GD.ZS,-5.54294967807279,-9.37243385036194,-7.24967045755812,-4.98178565576437,-7.09724273654265,-7.54157687280433,-10.7781057760347,-15.6285282209844,-15.3804650385538,-11.3658640510046,-12.9330964260384,-10.2001794975741,-9.27419308993992,-10.775401897152,-8.60488560166004,-7.59082537995602,-7.54424773522478,-6.66955117006572,-7.97781023941413,..
Algeria,DZA,Current account balance (% of GDP),BN.CAB.XOKA.GD.ZS,..,..,..,..,20.5235656440087,24.715139820033,22.4879251545672,19.8562460910231,0.314600291232337,7.58044663046647,8.83607411932364,5.78420499791843,0.566325312951006,-4.33299403477184,-16.2897517234685,-16.3740654289643,-13.1780840908978,..,..,..
American Samoa,ASM,Current account balance (% of GDP),BN.CAB.XOKA.GD.ZS,..,..,..,..,..,..,..,..,..,..,..,..,..,..,..,..,..,..,..,..
Andorra,AND,Current account balance (% of GDP),BN.CAB.XOKA.GD.ZS,..,..,..,..,..,..,..,..,..,..,..,..,..,..,..,..,..,..,..,..
Angola,AGO,Current account balance (% of GDP),BN.CAB.XOKA.GD.ZS,-16.012978916934,-0.981927016546037,-4.03958224542819,2.89247684338395,13.8970921801467,20.4078149120781,16.2123883977719,8.12554754936237,-10.7693887074464,8.95703976588897,11.7046899595455,10.8089626800402,5.95792428066991,-2.57186260874095,-8.8411388918829,-3.05090780260243,-0.518217605550058,7.3037696598072,5.42861764065317,..
Antigua and Barbuda,ATG,Current account balance (% of GDP),BN.CAB.XOKA.GD.ZS,-7.10527716783548,-10.1159872139607,-11.4018669691119,-10.3418597831379,-16.7769846660216,-25.2171143149332,-29.3971454510803,-26.246946881963,-13.8063634934331,-14.5474898838945,-10.3453829249712,-13.9023718926126,-17.3007972638727,0.266640583293098,2.19446051698316,-2.42620643748483,-8.84658938095234,-7.02659435120232,..,..
Argentina,ARG,Current account balance (% of GDP),BN.CAB.XOKA.GD.ZS,-1.40694788500181,8.97078467784247,6.37990680177011,1.95058324319273,2.65363142179073,2.79449564264943,2.1036160391819,1.49940141614234,2.1785669619099,-0.383118699737132,-1.00727103856271,-0.39159512386959,-2.37749566620574,-1.74400211981355,-2.96292666513535,-2.7092262729721,-4.84698182437693,-5.20305583023826,-0.88889103208008,..
Armenia,ARM,Current account balance (% of GDP),BN.CAB.XOKA.GD.ZS,-10.4398165717153,-6.2201045971038,-6.18119850537565,-2.20435917633131,-2.52832391913202,-2.39537307018263,-7.3566009937396,-14.2246479360543,-16.4837122757881,-13.6219495016022,-10.4403286979452,-9.96233223726517,-7.31624569547426,-7.76786653784116,-2.69795490057304,-1.02289269763472,-1.5082334793193,-6.90331426300408,-7.22253210674652,..
Aruba,ABW,Current account balance (% of GDP),BN.CAB.XOKA.GD.ZS,16.0803025894676,-17.526618705036,-8.19071310116085,12.1556781148158,4.50346715007561,12.8086334507692,9.87609485152745,0.00407000407000378,6.87010954616587,-19.2474877307782,-10.2191060473269,3.58386599074278,-12.2605533498759,-4.89985038383839,3.79133719862229,4.58498010563219,0.965866748406551,..,..,..
Australia,AUS,Current account balance (% of GDP),BN.CAB.XOKA.GD.ZS,-2.11084652161365,-4.05480270758646,-6.2826327570975,-6.74083236526461,-6.25071507998208,-6.07443702924561,-7.52116229695118,-4.94515069836674,-5.27033137745749,-3.90129530018019,-3.18126653304053,-4.17054203246807,-3.03724164450092,-2.95726606528368,-4.21387625058776,-3.39513652700999,-2.68999652428858,-2.0297323882662,0.556521976902971,..
Austria,AUT,Current account balance (% of GDP),BN.CAB.XOKA.GD.ZS,..,..,..,..,1.97261080636848,3.27200314072399,3.79454043655955,4.48508217916591,2.57482210818849,2.92744156292677,1.57704840696994,1.50013544947886,1.94833654536212,2.39594143192575,1.73749753483461,2.72541198739189,1.35083967326704,1.31521952251018,2.83793612043934,..
Azerbaijan,AZE,Current account balance (% of GDP),BN.CAB.XOKA.GD.ZS,-0.906754298668071,-12.3218512263918,-27.7741943440845,-29.8283699690511,1.26316311439409,17.6695773383406,27.2883243190353,33.678544063861,22.9725301709198,28.4303731948664,25.9962274288622,21.491304729494,16.4927257167165,13.5675443544848,-0.41921363920559,-3.60045769447184,4.12219738291502,12.8437682914648,9.0844948429751,..
"Bahamas, The",BHS,Current account balance (% of GDP),BN.CAB.XOKA.GD.ZS,-7.75394544009676,-4.76646866689712,-5.33827728918196,-3.39160866189818,-7.12305028440183,-13.8061914480317,-12.3851568041165,-11.6100892944233,-8.10442037435534,-8.0632166374795,-11.9472714724764,-14.0366811249475,-14.1434103022901,-17.2750974574321,-10.2377010699914,-5.95377539358059,-12.4202036467134,-12.1148323470149,0.652906743182927,..
Bahrain,BHR,Current account balance (% of GDP),BN.CAB.XOKA.GD.ZS,2.51701963066081,-0.517337576539301,1.80990381150794,3.5861057173287,9.23180920590181,11.8210087744718,13.3758607441787,8.77793644624144,2.44123386880184,2.99484203003364,11.2846580406654,8.38385146306594,7.40553295824209,4.56231043254477,-2.41635396755434,-4.6288774992681,-4.51608156290615,-6.46590390567721,..,..
Bangladesh,BGD,Current account balance (% of GDP),BN.CAB.XOKA.GD.ZS,-0.991687231894648,1.35086830489484,0.218816448007947,-0.428022753319864,-0.250193220827654,1.66538337953829,1.07621192542407,1.01077432985677,3.47014347494473,1.82904182016697,-0.125812447167656,1.93130081800403,1.37240298059038,0.437162722543549,1.3223490265586,0.420654962243496,-2.39676714556211,-2.58910964292693,-1.13510018543587,..
Barbados,BRB,Current account balance (% of GDP),BN.CAB.XOKA.GD.ZS,-3.64191735837973,-4.66106017866377,-5.86397699078635,-12.6937325840461,-12.9792521453765,-10.4889269513644,-7.43199028962261,-9.02636047595484,-8.53322014032104,-6.01220707143459,-3.72756858455199,-9.67059132546928,-5.3984476781563,-13.7456093080854,-2.09400745876372,-9.37921972943499,..,..,..,..
Belarus,BLR,Current account balance (% of GDP),BN.CAB.XOKA.GD.ZS,-4.28011087042602,-2.23170099050055,-2.55836514899576,-5.14985257582243,1.51816263518737,-3.75571864710409,-6.65342977379785,-8.16049334775654,-12.0544690632009,-14.4701845179502,-8.1811542905499,-2.83504162674368,-10.0192002695737,-6.63297207830251,-3.24348350864049,-3.37743133682293,-1.74028732403957,0.0381467907458898,-1.99459556792372,..
Belgium,BEL,Current account balance (% of GDP),BN.CAB.XOKA.GD.ZS,..,4.51947424084265,3.40474056965591,3.10265016051503,1.99729773907908,1.85183953655122,1.49759378174027,-0.83463187503311,1.82350218721236,1.52571010294274,-1.94567389218221,-0.0833599824747424,0.973644247219537,0.755869017538414,1.37687933941539,0.556166297097126,0.69834852008237,-0.762523761389348,0.347926778149496,..
Belize,BLZ,Current account balance (% of GDP),BN.CAB.XOKA.GD.ZS,-21.9226417646956,-17.8718908940472,-18.7378223755694,-14.7356970553317,-13.7218057755092,-2.09758968700349,-4.0964137272915,-10.7209268076032,-6.28852413940731,-3.32098918371148,-1.36561255062677,-2.17434630332884,-4.59581090876929,-8.17064127962677,-10.1366485876113,-9.20828705006687,-8.60476044559,-8.05870030034897,-9.42288358090961,..
Benin,BEN,Current account balance (% of GDP),BN.CAB.XOKA.GD.ZS,-2.04728501878401,-3.75919270473759,-6.21949271640744,-4.67717078014797,-3.44513631344537,-3.09053236205653,-6.55487797896958,-5.52087867516139,-6.71725962781745,-5.56723457385294,-4.83328600532374,-5.1783264571795,-5.37925515856289,-6.67011437790531,-5.96409319149783,-2.99669447284466,-4.1807892801319,-4.5525282110923,..,..
Bermuda,BMU,Current account balance (% of GDP),BN.CAB.XOKA.GD.ZS,..,..,..,..,..,23.1311569604856,20.6286106047854,14.8405201744643,10.0124583149887,12.1154058592137,15.6302029857182,16.740078210883,15.0824077368213,..,..,..,..,..,..,..
Bhutan,BTN,Current account balance (% of GDP),BN.CAB.XOKA.GD.ZS,..,..,..,..,..,-4.33173012562319,7.27015746631459,-9.16163626875784,-5.34359036065321,-20.8720232714351,-29.6108420412992,-21.1666057599548,-26.8868964731216,-25.7083728120566,-27.367068697296,-28.841979831723,-22.0546679988431,-20.3390240163835,..,..
Bolivia,BOL,Current account balance (% of GDP),BN.CAB.XOKA.GD.ZS,-3.36559913038611,-4.45175560151427,0.935306542671446,3.84682632759301,6.51831708191834,11.5044303913468,12.1282312015542,11.9507032799204,4.69169762158678,4.4466262498997,2.24180687878168,7.27367789386462,3.43772063883638,1.71604883046688,-5.86726594169153,-5.61927215929092,-4.92963564619832,-4.51621449178188,-3.33030997245933,..
Bosnia and Herzegovina,BIH,Current account balance (% of GDP),BN.CAB.XOKA.GD.ZS,-12.9211338999158,-17.9016269907668,-19.4870977743581,-15.4708902075675,-16.4341604258784,-7.75852509234702,-9.19040813419002,-13.8328410662944,-6.44524833430889,-6.00030136670183,-9.47895015576812,-8.62589346964274,-5.32603546420903,-7.3510129104348,-5.09529244404123,-4.75523159116149,-4.84387018259154,-3.35161772703932,-3.11186137211514,..
Botswana,BWA,Current account balance (% of GDP),BN.CAB.XOKA.GD.ZS,10.8424755023729,4.84208664390618,9.54245426833143,3.53678425939583,16.0858602675021,19.261256862234,15.1230363758021,1.36618312388584,-6.3131815263709,-6.29005006312521,-0.720366363297084,-6.24836932448403,4.46651989003808,10.6711233962936,2.20349649509555,7.75185399485217,5.3376448238251,1.84999974012722,..,..
Brazil,BRA,Current account balance (% of GDP),BN.CAB.XOKA.GD.ZS,-4.15010360594012,-1.5033845088707,0.748189046560784,1.75366875430119,1.5684367616763,1.22977435703404,0.111001536289729,-1.66243750910101,-1.4580278254244,-3.57712942632679,-2.91597984141607,-3.3993363272872,-3.22678465023678,-4.12994163952006,-3.02251730009749,-1.34933644491598,-0.727859993379999,-2.20313323200635,-2.76816106663305,..
British Virgin Islands,VGB,Current account balance (% of GDP),BN.CAB.XOKA.GD.ZS,..,..,..,..,..,..,..,..,..,..,..,..,..,..,..,..,..,..,..,..
Brunei Darussalam,BRN,Current account balance (% of GDP),BN.CAB.XOKA.GD.ZS,34.8381594348847,30.0462831993621,37.8825205941001,36.6115330751906,42.3088889783222,45.5892584015209,39.4227440214599,48.2099198431507,37.0597078901685,36.5949373128642,34.7096739406741,29.8391069742123,20.8813553629782,30.7082045349756,16.6789167866155,12.8932404838903,16.3623037966033,6.92800492802769,6.63547895261768,..
Bulgaria,BGR,Current account balance (% of GDP),BN.CAB.XOKA.GD.ZS,-5.67312984059915,-1.94502236414041,-4.83403141115726,-6.38860403865294,-11.2054875729534,-17.0542879230011,-25.7560639999942,-21.8140344434032,-8.18537603078519,-1.91532394126858,0.475022402169468,-0.978675600836122,1.22076574931694,1.31362223002676,0.121211034502954,3.26587032812413,3.59956827691833,5.2751892307024,4.03633716375098,..
Burkina Faso,BFA,Current account balance (% of GDP),BN.CAB.XOKA.GD.ZS,..,..,..,..,-10.3284299292406,-8.31502200337907,-7.362937841143,-10.2729929624796,-4.05371011378832,-1.79655617806592,-1.32772259832299,-1.29204156382971,-10.0082852595542,-7.16454903255908,-7.56751203493842,-6.08476173755809,-6.32526949243937,-4.10382630488684,..,..
Burundi,BDI,Current account balance (% of GDP),BN.CAB.XOKA.GD.ZS,-4.18720201167941,-0.397990077144825,-3.04630146043229,-3.53655815425186,-0.510079105705359,-10.4870452917285,-8.20727628763793,-16.0907339212268,-9.04769295369931,-14.811120701341,-12.6836310733343,-11.1925745502886,-10.5411407576575,-14.6012123750915,-12.0230782537444,-11.4775842140723,-11.7703187041194,-11.9411536245662,..,..
Cabo Verde,CPV,Current account balance (% of GDP),BN.CAB.XOKA.GD.ZS,-9.90063309591363,-11.5060282444048,-11.115908193443,-14.0730461421387,-4.18319795339967,-7.46733458919267,-13.089269487743,-11.4711326237615,-14.3079913249124,-13.3850746087371,-16.3210896580097,-13.983102811013,-5.80171245062466,-9.08439823382358,-3.16841485472207,-3.85659828713216,-7.88990114984012,-5.17066717723407,-0.280428039060505,..
Cambodia,KHM,Current account balance (% of GDP),BN.CAB.XOKA.GD.ZS,-2.20577096842241,-2.50481147083125,-5.01128423995143,-3.42672850671081,-4.87829680780284,-3.21486673197534,-4.90008500218002,-7.921003111384,-7.12772040217514,-8.72579337346229,-7.99618036172028,-8.62837867857527,-8.50870624632143,-8.63971681456342,-8.85568650810504,-8.65781772346605,-8.11608875645847,-11.7763650785691,-14.9992492896855,..
Cameroon,CMR,Current account balance (% of GDP),BN.CAB.XOKA.GD.ZS,-3.35210278767104,-3.79391675745833,-4.10950395470266,-2.38760486194972,-2.7616990568744,0.999782972921038,1.27910268470253,-1.70982293449525,-4.31693397428454,-3.27536208538784,-2.55041851946623,-3.28468248592052,-3.4863410908714,-4.00684485036434,-3.79483459720882,-3.17808436479457,-2.71289072603677,-3.64224634273883,..,..
Canada,CAN,Current account balance (% of GDP),BN.CAB.XOKA.GD.ZS,2.13990456881022,1.65088739380188,1.16911115069685,2.27087776454734,1.87565295436264,1.36764703691342,0.754333235340083,0.205143691237053,-2.97379386747266,-3.6048312945822,-2.78126223829039,-3.53162407260959,-3.14583438999651,-2.32177149404848,-3.51484366767313,-3.09260854801543,-2.81404646394062,-2.50501224718478,-2.03918153570286,..
Cayman Islands,CYM,Current account balance (% of GDP),BN.CAB.XOKA.GD.ZS,..,..,..,..,..,..,..,..,..,..,..,..,..,..,..,-14.4231515668234,-19.4084221457947,..,..,..
Central African Republic,CAF,Current account balance (% of GDP),BN.CAB.XOKA.GD.ZS,..,..,..,..,..,..,..,..,..,..,..,..,..,..,..,..,..,..,..,..
Chad,TCD,Current account balance (% of GDP),BN.CAB.XOKA.GD.ZS,..,..,..,..,..,..,..,..,..,..,..,..,..,..,..,..,..,..,..,..
Channel Islands,CHI,Current account balance (% of GDP),BN.CAB.XOKA.GD.ZS,..,..,..,..,..,..,..,..,..,..,..,..,..,..,..,..,..,..,..,..
Chile,CHL,Current account balance (% of GDP),BN.CAB.XOKA.GD.ZS,-1.54991419721893,-0.831807295200827,-0.293737946240862,2.84362985692124,1.48385957763608,4.52504281706846,4.27577611656797,-3.72889126959234,1.86787323194755,1.40423862732603,-2.70898889489536,-4.43173914755611,-4.76369901334095,-2.00559173083717,-2.35129588844103,-1.98614434914207,-2.32617496985925,-3.55414817694259,-3.87249204002425,..
China,CHN,Current account balance (% of GDP),BN.CAB.XOKA.GD.ZS,1.29916795722937,2.4087584656332,2.59301902752458,3.52576604119722,5.79092164974088,8.42412573805547,9.94784826180858,9.15412335283557,4.76814496964165,3.906751469205,1.80224794950967,2.52444822969913,1.54856495759896,2.25328106367325,2.74974455590699,1.80003948304994,1.58497312329912,0.183516168670046,0.985403585754534,..
Colombia,COL,Current account balance (% of GDP),BN.CAB.XOKA.GD.ZS,-1.05659677940725,-1.32953875666704,-0.999538416758417,-0.66791377129936,-1.29849154262777,-1.80006782228948,-2.9181312629032,-2.66762916532112,-2.00053751992855,-3.04728017240343,-2.92673750438846,-3.06329160822279,-3.27153482591458,-5.18581163797204,-6.32550306332439,-4.25569985614493,-3.28355635462148,-3.93251822142383,-4.24571727555552,..
Comoros,COM,Current account balance (% of GDP),BN.CAB.XOKA.GD.ZS,..,..,-3.3794082302207,-3.27799132170335,-4.10824212674176,-3.22988701359529,-3.97911634252962,-7.56519700653156,-4.3678144277801,-4.33222274199101,-5.42473073250924,-4.04970477190659,..,-3.78032940639126,-0.256465673352699,-4.34858907970808,-2.13204235097195,-2.39734307788563,..,..
"Congo, Dem. Rep.",COD,Current account balance (% of GDP),BN.CAB.XOKA.GD.ZS,..,..,..,..,-3.24794599003715,0.330752301339338,3.14869892285605,-0.763068847417733,-6.02250920862764,-10.0784949239754,-4.95593928270912,-4.3010010758846,-9.51293594120967,-4.79716159124456,-3.91310448842874,-4.05028951368052,-3.26525011803012,-3.57094524281959,-3.5782872105477,..
"Congo, Rep.",COG,Current account balance (% of GDP),BN.CAB.XOKA.GD.ZS,-1.01723379383104,-1.14076677635869,14.8882760500075,14.5085102094744,11.427413654376,1.60540243425331,-25.0763848693967,7.30055402153557,-14.2365117357444,7.49052274368575,14.333662877839,17.7039633637369,13.7432336531207,4.78204891458333,-54.0952288523923,-39.7431576574773,..,..,..,..
Costa Rica,CRI,Current account balance (% of GDP),BN.CAB.XOKA.GD.ZS,-3.23165538264418,-5.21106327795547,-5.23197996650703,-3.64316426224165,-4.3113886116304,-4.15311135234597,-5.60428675644225,-8.42960025649214,-1.83422005706791,-3.25709524279866,-5.35947238869469,-5.18813789798961,-4.88725350615162,-4.85014731299436,-3.50749083012366,-2.19965060127628,-3.35340569694762,-3.30039556249197,-2.38748884669221,..
Cote d'Ivoire,CIV,Current account balance (% of GDP),BN.CAB.XOKA.GD.ZS,..,..,..,..,0.232312624668002,2.69307200993033,-0.6843631552596,1.87159226004754,6.68973190050447,1.86675425581817,10.490753158261,-1.19651247570562,-2.0237984105184,1.44418331533136,-0.43953834631498,-0.863712222196726,-2.03359010054676,-3.59878145455794,..,..
Croatia,HRV,Current account balance (% of GDP),BN.CAB.XOKA.GD.ZS,-2.22744035111247,-6.19689921180601,-9.25334761746059,-6.18557210393329,-7.47382513236718,-7.74828394944387,-7.89689858804428,-10.6460515410668,-6.52045276691918,-2.48335792707539,-1.67689040094715,-0.368086893420097,0.976459204137938,0.110329325691928,3.21948735961281,2.20880051372549,3.80106777376375,1.68506497060205,2.40923365856167,..
Cuba,CUB,Current account balance (% of GDP),BN.CAB.XOKA.GD.ZS,..,..,..,..,..,..,..,..,..,..,..,..,..,..,..,..,..,..,..,..
Curacao,CUW,Current account balance (% of GDP),BN.CAB.XOKA.GD.ZS,..,..,..,..,..,..,..,..,..,..,-28.9432099216655,-28.585738087328,-24.2765962997981,-16.0149023618236,-16.4770140407691,-18.7439543062481,-21.8100281908142,-27.5744694805034,..,..
Cyprus,CYP,Current account balance (% of GDP),BN.CAB.XOKA.GD.ZS,-3.09916888677601,-3.32012539710989,-2.0076720561566,-4.77327451988626,-5.26682671332748,-6.36793770553427,-7.63667967473949,-14.4440065670555,-6.69717301069538,-10.8754825330417,-2.20012675036763,-3.99713539937767,-1.46384056704985,-4.14191335399422,-0.42221399678547,-4.13385710960082,-5.00386384410902,-4.27477159582603,-6.73578709503999,..
Czech Republic,CZE,Current account balance (% of GDP),BN.CAB.XOKA.GD.ZS,-4.84655949259595,-5.20668481382049,-5.80713757065895,-3.74045817792556,-2.0617038467874,-2.5704274373859,-4.72745249670619,-1.87000638744055,-2.36190161694339,-3.54312723171757,-2.20227921349248,-1.52307447912895,-0.528117227651661,0.220249997938478,0.45242050513129,1.77484950258841,1.37122775293397,0.514186451593152,-0.274589721476885,..
Denmark,DNK,Current account balance (% of GDP),BN.CAB.XOKA.GD.ZS,2.94194428146745,1.93713795459911,3.1926605601566,2.36335565616261,4.16209598545998,3.34470140208431,1.51570568758818,2.94687746934438,3.52490830062671,6.53767701922624,6.593530928633,6.2543349473166,7.76683882874506,8.88212414255259,8.24429210800877,7.76485063977862,7.79658986323749,6.96727367431909,7.81723422336708,..
Djibouti,DJI,Current account balance (% of GDP),BN.CAB.XOKA.GD.ZS,12.0278460954718,11.8252569135346,12.7055171216025,0.473072861668427,2.84105797251051,-2.15448790661934,-20.2086361012124,-22.5587851004156,-6.77718840004505,4.47357137871551,-13.8678242864019,-10.9311673573902,-30.7755228198211,23.9576180758858,29.3887086436504,-1.00085631892118,-4.81441674201721,17.9550051403556,..,..
Dominica,DMA,Current account balance (% of GDP),BN.CAB.XOKA.GD.ZS,-15.3255057379879,-14.2123302213028,-15.4893058743468,-16.0284608733822,-20.8867689074618,-12.774257043488,-20.634660197793,-28.3474698966587,-22.7121045070253,-16.2374376935942,-13.553487289044,-18.9517923471449,-14.4791679054556,-6.96298042223757,-7.57461156418516,-8.84445053428636,-12.7664684682887,-40.8601067434103,..,..
Dominican Republic,DOM,Current account balance (% of GDP),BN.CAB.XOKA.GD.ZS,-2.89382783386466,-2.91599469146096,4.78762467492822,4.58951892489439,-1.30930917612027,-3.37757930244757,-4.92728147810739,-9.39206310787826,-4.77175858579318,-7.47026900388941,-7.51114720293154,-6.54329172181031,-4.09669967147816,-3.23042985605638,-1.79906294350064,-1.07615482622488,-0.166379210180438,-1.35537943555066,-1.35471375345637,..
Ecuador,ECU,Current account balance (% of GDP),BN.CAB.XOKA.GD.ZS,-2.25260930170508,-4.26994719189364,-1.19267471988292,-1.31019664752971,1.14179410683791,3.71763016226755,3.69843366966508,2.86485133004414,0.500721269722978,-2.27486002323962,-0.504733851771497,-0.166549831076518,-0.980667828667787,-0.657393328777698,-2.23696073530438,1.11623401303075,-0.144254618647667,-1.2409092081545,-0.10401804488487,..
"Egypt, Arab Rep.",EGY,Current account balance (% of GDP),BN.CAB.XOKA.GD.ZS,-0.397820351268469,0.708474848244919,4.51410599041916,4.97392451473316,2.34463176230269,2.45189902217905,0.315453157894737,-0.868821887213847,-1.77228167722126,-2.05757890933201,-2.32366813726205,-2.49559049381979,-1.22448669210922,-1.94891064553991,-5.18286790826139,-6.15565835941537,-3.37329709394813,-3.06828491657479,-3.37161407008735,..
El Salvador,SLV,Current account balance (% of GDP),BN.CAB.XOKA.GD.ZS,-1.22368889754147,-3.19917807931234,-5.30205130807915,-4.67674940955736,-4.22907838340524,-4.7847839719662,-7.15129211067863,-8.51825968802834,-1.77368032991474,-2.88820370309444,-5.4809925465037,-5.79725569383237,-6.90474375266503,-5.37138460989542,-3.2159293549397,-2.27403192612343,-1.85990659155364,-4.69457460631372,-2.06432311793976,..
Equatorial Guinea,GNQ,Current account balance (% of GDP),BN.CAB.XOKA.GD.ZS,..,..,..,..,..,..,..,..,..,..,..,..,..,..,..,..,..,..,..,..
Eritrea,ERI,Current account balance (% of GDP),BN.CAB.XOKA.GD.ZS,..,..,..,..,..,..,..,..,..,..,..,..,..,..,..,..,..,..,..,..
Estonia,EST,Current account balance (% of GDP),BN.CAB.XOKA.GD.ZS,-5.18625770948374,-10.5709836674228,-12.9191761007426,-11.9871239664968,-8.6398868960168,-14.9836169241723,-14.8051185160595,-8.8482007913337,2.66258476237618,1.72867491032453,1.30059791027965,-1.86165345982124,0.298402530844066,0.646367463383694,1.7496500893913,1.25253138576645,2.31507980173051,0.910940503756416,1.96274285271137,..
Eswatini,SWZ,Current account balance (% of GDP),BN.CAB.XOKA.GD.ZS,0.583532046229264,2.31849426624675,4.06809513927023,2.57392748601851,-3.22976902109463,-5.97397169862804,-1.88917786976421,-7.01971757649837,-11.5716475274708,-8.7481159630757,-5.84417765545563,4.91007800551832,10.5926444416791,11.5796210238979,13.0928745203443,7.74398289114142,6.13547306513276,1.28925120634532,4.4411767189354,..
Ethiopia,ETH,Current account balance (% of GDP),BN.CAB.XOKA.GD.ZS,-4.53620596538169,-1.74046524518376,-1.58150719828577,-6.59189372254429,-12.6419842587598,-11.6871605564419,-4.20144598076542,-6.67139557726763,-6.75348362103612,-2.1222608717343,-3.30367964138338,-7.10674868080213,-6.36627273936438,-10.3781721184148,-11.7149008978629,-10.6404374171099,-7.25029984937887,-5.47208897958422,..,..
Faroe Islands,FRO,Current account balance (% of GDP),BN.CAB.XOKA.GD.ZS,12.7390240480752,9.95826389390474,-0.439086292559515,7.68290345090383,1.80467676134114,1.07034738390785,-3.51811808429856,-1.25714122641566,-1.08603586986283,6.21766717034953,7.8008587616162,..,..,..,..,..,..,..,..,..
Fiji,FJI,Current account balance (% of GDP),BN.CAB.XOKA.GD.ZS,-4.07227254970353,0.854492137644964,-2.26714310575914,-9.21079021096863,-6.83547850902352,-16.3087460165854,-11.3646354070824,-14.9382363262539,-4.31924967284106,-4.75867841446162,-5.16786646337758,-1.43404989913988,-9.71137464425265,-5.7779807795007,-3.49819397667457,-3.67295965889909,-6.69277523690499,-8.47298375354931,-12.5849345422011,..
Finland,FIN,Current account balance (% of GDP),BN.CAB.XOKA.GD.ZS,9.33543353737636,8.65317409219559,4.98574939355625,6.37020247267929,3.80002744592839,3.68687593408557,3.74073246767485,2.00666292344184,1.7456331906663,1.12056023582845,-1.7429768143675,-2.28376229921086,-1.93107438448105,-1.57787851132849,-0.717741499237003,-0.741832352760574,-0.885355795683239,-1.75632986466768,-0.475504985218576,..
France,FRA,Current account balance (% of GDP),BN.CAB.XOKA.GD.ZS,1.52313210570454,1.18123310868992,0.868514872827997,0.433248241973798,-0.00649739617249784,0.0221826520608326,-0.328107442812705,-0.965021191708273,-0.821478031955934,-0.833686088687668,-1.03126157806933,-1.22493455915708,-0.867380759654221,-1.30968882118601,-0.374473265004827,-0.493879752689003,-0.692772372570504,-0.603754847600864,-0.678263739254248,..
French Polynesia,PYF,Current account balance (% of GDP),BN.CAB.XOKA.GD.ZS,..,..,..,..,..,..,..,..,..,..,..,..,..,..,..,..,..,..,..,..
Gabon,GAB,Current account balance (% of GDP),BN.CAB.XOKA.GD.ZS,10.3088640897014,6.36551258929394,11.7879017461168,11.9191013370416,20.7012883270172,..,22.0931200417243,24.6935070212736,6.66453514044787,17.0685072659761,14.3020537543288,11.5176514731776,8.31242107215883,6.10892021237761,0.980288668125041,..,..,..,..,..
"Gambia, The",GMB,Current account balance (% of GDP),BN.CAB.XOKA.GD.ZS,..,..,0.541196420136749,-3.15228248895189,-4.22219214406911,-6.22324068883774,-6.19477146151466,-0.402651172225192,1.93110695384875,1.13391367955103,-7.67134707158115,-6.55706457684312,-7.0593591438197,-6.87759345961689,-7.32024202195074,-6.50359685949509,-7.39812083623532,-4.84093699885477,..,..
Georgia,GEO,Current account balance (% of GDP),BN.CAB.XOKA.GD.ZS,-6.12192053284207,-6.38781494382328,-9.5760847967322,-6.94983213970616,-10.8513051056572,-15.3807892309948,-19.5820249193812,-21.9710366794512,-10.5987107703488,-9.79134457353817,-12.1998141115578,-11.4185784101123,-5.55856592319323,-10.1218742374626,-11.8164227457659,-12.4546301906262,-8.05040479560943,-6.77789951316353,-5.03703402101355,..
Germany,DEU,Current account balance (% of GDP),BN.CAB.XOKA.GD.ZS,-0.365179727101994,1.92014186441007,1.44164542901152,4.53888900493914,4.67661515287612,5.79796363182689,6.89159329323011,5.71711640747064,5.91957810825584,5.77595559182617,6.19514889595412,7.13145021547673,6.57383237863572,7.17473024739944,8.58849695920747,8.51162132064015,7.83505437684049,7.42333077289158,7.10252903391981,..
Ghana,GHA,Current account balance (% of GDP),BN.CAB.XOKA.GD.ZS,-8.04280573235459,-1.70664807571323,1.33230066757986,-6.64524038429113,-10.2930225614902,-5.17438307068433,-9.60782565143697,-11.6641835756571,-7.30301254301104,-8.53283449596601,-9.00243372574365,-11.9011389737536,-9.14029371552081,-6.88511326908247,-5.81416298121724,-5.14826602444443,-3.39441253633493,-3.11780646837359,..,..
Gibraltar,GIB,Current account balance (% of GDP),BN.CAB.XOKA.GD.ZS,..,..,..,..,..,..,..,..,..,..,..,..,..,..,..,..,..,..,..,..
Greece,GRC,Current account balance (% of GDP),BN.CAB.XOKA.GD.ZS,-6.90432964218612,-6.23775283651165,-6.34535519671427,-5.60971715883055,-7.35270532949061,-10.8212464476993,-13.9967152283092,-14.4718550353591,-10.8925960119783,-10.1090498652679,-9.93729400748956,-2.51234595614934,-2.06332848569207,-1.57563122228051,-0.819665655399505,-1.67043179610851,-1.7712180122929,-2.86447684997137,-1.39509259247489,..
Greenland,GRL,Current account balance (% of GDP),BN.CAB.XOKA.GD.ZS,..,..,..,..,..,..,..,..,..,..,..,..,..,..,..,..,..,..,..,..
Grenada,GRD,Current account balance (% of GDP),BN.CAB.XOKA.GD.ZS,-19.7664312101494,-23.2352735745057,-24.6925391870668,-10.9666074273801,-27.7927708966999,-32.4462323663427,-31.8585253687711,-30.502989302936,-25.5632605246528,-26.4460372925325,-26.5853508253301,-24.153906355014,-25.258243829663,-11.556990047973,-12.2363387494649,-10.9736856484773,-11.976323750174,-9.95363267697973,..,..
Guam,GUM,Current account balance (% of GDP),BN.CAB.XOKA.GD.ZS,..,..,..,..,..,..,..,..,..,..,..,..,..,..,..,..,..,..,..,..
Guatemala,GTM,Current account balance (% of GDP),BN.CAB.XOKA.GD.ZS,-6.69901841246593,-5.94363745276598,-4.74136738593876,-4.85869643224931,-4.56059241361804,-5.041141265736,-5.23435165407718,-3.969606827858,0.191508022670681,-1.85531673086696,-3.31516543000644,-3.66606857224571,-4.22439109355848,-3.30030618515978,-1.2443076551374,0.964771736230059,1.12208731984637,0.813857103656875,2.41678767319499,..
Guinea,GIN,Current account balance (% of GDP),BN.CAB.XOKA.GD.ZS,-2.1004475793299,-6.76783564899967,-5.37543898145775,-4.42811084845834,-5.45917882523563,-5.24523674578906,-7.23648454024015,-6.29234239675144,-6.00514710117691,-4.76970209522418,-17.116529414626,-13.5979817532214,-14.2034719787819,-11.1827723925645,-11.6007977719237,-31.9034087192924,5.02436247493563,-1.56031931394818,-2.31503661534641,..
Guinea-Bissau,GNB,Current account balance (% of GDP),BN.CAB.XOKA.GD.ZS,-2.83806573396009,-0.304997962799737,-0.0603155899611047,2.6104420073608,-1.7866280098191,-6.77131959622255,-4.40382515250755,-3.32853313277127,-5.75840354278036,-8.33760298681375,-1.27920959042145,-8.41399181680562,-5.0209711834265,0.598976043310983,1.99863446325241,0.853525002506187,0.287299829104552,-3.71070656345361,..,..
Guyana,GUY,Current account balance (% of GDP),BN.CAB.XOKA.GD.ZS,-12.7638498453567,-8.57971395005412,-6.00217415870724,-2.52795588989275,-11.6705382324577,-12.3857890107604,-9.5206793379815,-16.7639272577629,-11.1864995375132,-10.837213807122,-14.4520588471463,-12.8136347833331,-15.2636548045523,-12.5155115148671,-1.21425030116288,-1.42646479682646,-10.9876219721333,-27.6313064665051,..,..
Haiti,HTI,Current account balance (% of GDP),BN.CAB.XOKA.GD.ZS,-3.66751259043174,-2.56178232547752,-1.51268139748493,-1.76328242786013,0.163513096676288,-1.78774919569033,-1.45740450020444,-3.12764186608017,-1.85561400613081,-1.53754081756354,-4.30532269244939,-5.46404139779658,-6.6096965582232,-8.5540099945207,-3.10357203252875,-0.909077129735377,-3.15135492247519,-3.5511033055801,..,..
Honduras,HND,Current account balance (% of GDP),BN.CAB.XOKA.GD.ZS,-6.32666054484424,-3.62145870995535,-6.79117987256582,-7.79046452709611,-3.14654554218195,-3.52944636469425,-9.09255297881461,-15.4452326535322,-3.8159630413154,-5.07642907628296,-7.95390045958565,-8.53138315574921,-9.52730371587897,-6.94518026456485,-4.6709067375976,-3.14341153077601,-1.2458959616522,-5.89583219130316,-1.3650007313796,..
"Hong Kong SAR, China",HKG,Current account balance (% of GDP),BN.CAB.XOKA.GD.ZS,6.13427143665093,7.8924076681614,10.78713039325,9.94811890844345,11.8822692389045,12.6876656290891,13.0221966459055,14.9909256311578,9.88365417418541,7.00330281031545,5.55641787886819,1.57915907336835,1.52003210528648,1.39201403918385,3.31758418703872,3.95468890344146,4.57768253118139,3.7364283523158,6.13810848068959,..
Hungary,HUN,Current account balance (% of GDP),BN.CAB.XOKA.GD.ZS,-6.1202055106571,-6.45098818485992,-8.25291283050734,-9.08606820475069,-9.89707407278972,-7.28713550814859,-7.29455446193962,-7.03507620075805,-0.682189904993916,0.260529071173262,0.6282736288454,1.55256752949537,3.44585358652168,1.14159208917363,2.34925107550931,4.59181880758993,1.95670642217448,0.386194972395705,-0.201944734432714,..
Iceland,ISL,Current account balance (% of GDP),BN.CAB.XOKA.GD.ZS,-4.63002064442763,1.21402175598499,-4.95895706745606,-9.85156365455258,-15.7814099724994,-23.0846822650541,-13.7385736002055,-24.2294479061829,-9.54953692122734,-6.43895138949169,-5.08161157526174,-3.7455574986695,5.77448272761091,3.86692391679083,5.14372710767794,7.71254805702477,3.81303727457997,3.16273292972483,6.18378721054547,..
India,IND,Current account balance (% of GDP),BN.CAB.XOKA.GD.ZS,0.290494936396436,1.3709411110454,1.44356106282279,0.110018663965381,-1.25350731467244,-0.988988302947644,-0.663718192795811,-2.58337653773941,-1.95146414773762,-3.25348404649369,-3.42928736572726,-5.00488898216305,-2.64566624276598,-1.3395083295147,-1.06754934724814,-0.527880354696193,-1.43879339568494,-2.4178196925767,-1.0351788326094,..
Indonesia,IDN,Current account balance (% of GDP),BN.CAB.XOKA.GD.ZS,4.30104853135351,3.99852690784087,3.45304287667862,0.60856132991737,0.0970882465692074,2.97870869087098,2.42726412696792,0.0246933252771075,1.9697705622352,0.681277284375171,0.18870395330258,-2.6602736040667,-3.18996482895809,-3.08816907630029,-2.0350419218361,-1.81915089224046,-1.59465690239632,-2.93916096391377,-2.71410058168854,..
"Iran, Islamic Rep.",IRN,Current account balance (% of GDP),BN.CAB.XOKA.GD.ZS,..,..,..,..,..,..,..,..,..,..,..,..,..,..,..,..,..,..,..,..
Iraq,IRQ,Current account balance (% of GDP),BN.CAB.XOKA.GD.ZS,..,..,..,..,-6.67682378324403,4.11634619404996,17.4688441903884,21.6089269712602,-1.01064961357147,4.68412757383414,14.065166727563,13.5508561277014,6.85843921998929,6.75713194444444,-1.55596414570749,1.23396193695761,7.61867480428309,15.3279244313612,6.73344772131301,..
Ireland,IRL,Current account balance (% of GDP),BN.CAB.XOKA.GD.ZS,..,..,..,..,-3.37567028973601,-3.38762842916461,-5.13065204270603,-5.56393382478775,-2.1189328266413,1.04419279811479,1.19130431984174,-3.42604069041125,1.55591928554257,1.07788035108709,4.42965920307416,-4.16636179801877,1.0121980419305,6.31599161101023,-11.5600743968989,..
Isle of Man,IMN,Current account balance (% of GDP),BN.CAB.XOKA.GD.ZS,..,..,..,..,..,..,..,..,..,..,..,..,..,..,..,..,..,..,..,..
Israel,ISR,Current account balance (% of GDP),BN.CAB.XOKA.GD.ZS,-1.55365319302239,-1.06552114064564,0.499976450140741,1.7365991998527,3.18538884699876,4.48990858057143,3.04494004530043,1.181415539233,3.55230393573187,3.48467977383311,1.67086962948564,0.478691693043526,2.89465248730555,4.2287974372687,5.40496691220756,3.64975016063885,2.86315709937067,2.61117483473827,3.32451135027545,..
Italy,ITA,Current account balance (% of GDP),BN.CAB.XOKA.GD.ZS,0.155452349210036,-0.493991505195606,-0.770487978808071,-0.497940055359814,-0.899842606574005,-1.45394009355146,-1.36316501494912,-2.76802095615011,-1.84419489018077,-3.3185890082429,-2.82759071411926,-0.245765366722411,1.11933346313677,1.85717746967609,1.38238169109464,2.58121684870304,2.61987024106102,2.47032319377526,2.94480272628693,..
Jamaica,JAM,Current account balance (% of GDP),BN.CAB.XOKA.GD.ZS,-8.26758156922182,-11.0791849836895,-8.22767889590869,-4.9410114164216,-9.56160199950225,-9.93838887092377,-15.8884483374128,-20.4178775252631,-9.34331314708253,-7.06479572312528,-14.2834153903608,-9.72634680855451,-9.51331634953399,-8.01820247482911,-3.03150657129059,-0.308776327849508,-2.60436646249385,-1.83006872684369,..,..
Japan,JPN,Current account balance (% of GDP),BN.CAB.XOKA.GD.ZS,2.00346308875838,2.6454002392522,3.13520558309101,3.77960796393177,3.57745657079706,3.85558995816805,4.68932984381323,2.82093127833035,2.78468846027694,3.87516112350214,2.10471026911129,0.969126781898834,0.899555492939678,0.749450927635002,3.1090684491949,4.00300387462214,4.17453025153592,3.55408947287573,3.63140506592644,..
Jordan,JOR,Current account balance (% of GDP),BN.CAB.XOKA.GD.ZS,-0.264034050939629,5.15913328081429,11.5926246075365,0.338726447321718,-17.7923709171183,-11.3042493995158,-16.5683348476631,-9.21930608752721,-5.14695538107121,-7.02326964415731,-10.1078912477063,-15.0177835045761,-10.2858837482,-7.17886250095955,-9.12059413161749,-9.82693272352786,-10.7907906868927,-7.01555684956954,-2.29396612788977,..
Kazakhstan,KAZ,Current account balance (% of GDP),BN.CAB.XOKA.GD.ZS,-6.27244898446457,-4.15780312847834,-0.884199049096555,0.777323158524581,-1.81363176939996,-2.46891955216218,-7.98501994048696,4.68377782175476,-3.5736907075915,0.935994169503984,5.29451083744767,1.0801720564472,0.825798256244551,2.76119099952767,-3.26029263951047,-5.92379173743905,-3.05856215357481,-0.124558867016314,-3.6065111353799,..
Kenya,KEN,Current account balance (% of GDP),BN.CAB.XOKA.GD.ZS,-2.46632258412886,-0.894975399014703,0.888450320310784,-0.818703017571567,-1.34655833691189,-1.97646894594216,-3.22941620624667,-5.52325530146651,-4.56094728034578,-5.92165322154822,-9.10358252570088,-8.36321167309701,-8.78840088907525,-10.379340697856,-6.90663107729833,-5.83160380066674,-7.20254030117881,-5.75045693660067,-5.82099605549942,..
Kiribati,KIR,Current account balance (% of GDP),BN.CAB.XOKA.GD.ZS,..,..,..,..,..,-8.77803118598936,-1.89146518306489,-3.72029570928586,-12.5096187343893,0.124639309704076,-9.52205314624842,1.90281900381471,-5.47304559753783,31.1882513763697,32.8709046595206,10.7776450564753,37.6455241300183,39.1054716899103,..,..
"Korea, Dem. People’s Rep.",PRK,Current account balance (% of GDP),BN.CAB.XOKA.GD.ZS,..,..,..,..,..,..,..,..,..,..,..,..,..,..,..,..,..,..,..,..
"Korea, Rep.",KOR,Current account balance (% of GDP),BN.CAB.XOKA.GD.ZS,0.395356059004163,0.648246377373027,1.60922457506583,3.69274116176405,1.30587078936523,0.198895401349342,0.893090072873176,0.167376559345669,3.5052581979457,2.44308251589734,1.32763278413308,3.81645379756594,5.63606438083111,5.59378702637593,7.17154582534087,6.52776101762567,4.63272557766522,4.50235111278233,3.65147423409724,..
Kosovo,XKX,Current account balance (% of GDP),BN.CAB.XOKA.GD.ZS,..,..,..,-7.28210051864355,-8.40426428997193,-7.37858794679994,-10.4223964066263,-16.2580900365852,-9.23959742440306,-11.6093694199755,-12.6157573773397,-5.84181963630361,-3.40879481640424,-6.78154891830268,-8.49596487961814,-7.89133018592103,-5.21630553574794,-7.56013078701098,-5.79374922949524,..
Kuwait,KWT,Current account balance (% of GDP),BN.CAB.XOKA.GD.ZS,23.8584355102907,11.1823918987313,19.6842507554846,26.0905307506551,37.2166556465422,44.6206324758329,36.0522000830592,40.8693057775296,27.3417665229394,32.0476777827004,42.9328475714303,45.4540672179644,39.901434241874,33.1829599245757,7.49275018185504,0.586462866532776,6.42643326111035,17.0991168876835,25.0728677709862,..
Kyrgyz Republic,KGZ,Current account balance (% of GDP),BN.CAB.XOKA.GD.ZS,-1.2453482434873,-1.82590999500266,-2.19733510264456,1.32375512838834,-1.52182823647142,-10.0953913600934,-5.98596052341567,-13.8763703533757,-4.31423685397738,-9.89834699214693,-7.6973024525228,-15.5252395285596,-13.7754306493407,-17.4244293002467,-15.7592458853341,-11.6282389656902,-6.95269945695477,-11.6275526658838,-11.2036495678872,..
Lao PDR,LAO,Current account balance (% of GDP),BN.CAB.XOKA.GD.ZS,-3.80683721990308,0.47045153495805,-1.46818009607216,-7.53199402229102,-6.35287282087344,2.18103408402247,3.30114599696564,1.42441277838683,-1.04417123611976,0.411195997574834,-2.3582147551137,-7.31407775811966,-7.83775320300616,-14.5040541869301,-15.7577433305949,-8.76104729682374,-7.47519518555034,-7.96697054674776,..,..
Latvia,LVA,Current account balance (% of GDP),BN.CAB.XOKA.GD.ZS,-6.0092844114508,-5.4859364624673,-7.23904122533106,-11.7015402695925,-11.7427039124317,-21.0878310975889,-20.8000365086888,-12.5739566494545,7.84361864624221,1.73371073726378,-3.31159620759861,-3.72409675041522,-2.77872998495926,-1.68979766705865,-0.616600732233386,1.57869633958799,1.31763158186083,-0.288299387725143,-0.650036098124362,..
Lebanon,LBN,Current account balance (% of GDP),BN.CAB.XOKA.GD.ZS,..,-23.7091629307817,-25.5858580911917,-20.8205658199381,-12.7829830370578,-5.06914682101303,-6.46375038704978,-14.0893224911607,-19.0424176351379,-19.6443379595177,-13.8340690488678,-23.4279989277499,-25.4955342311916,-26.2084646407136,-17.104299434294,-20.4549027652845,-22.8335648276373,-24.3159752585218,-21.62343599947,..
Lesotho,LSO,Current account balance (% of GDP),BN.CAB.XOKA.GD.ZS,2.52300571036881,6.60509598834,3.8395732813918,6.66638263291329,9.85146839587141,15.7379918531222,21.7460195054468,19.6035358965337,3.11232973056633,-6.97587346752134,-8.04008782704725,-14.9274122313967,-6.92492687939345,-4.90089009827342,-3.27276760823885,-7.94752339708806,-6.02549724598874,-2.32578797798008,-5.94184283161869,..
Liberia,LBR,Current account balance (% of GDP),BN.CAB.XOKA.GD.ZS,..,..,..,-17.8067908816868,-19.3410307528501,-15.4436442263208,-16.2534531227223,-20.5275176083252,-15.6782479232001,-42.7136316998038,-52.4853470186806,-61.552524839946,-34.0002347013642,-20.437168827901,5.38600190971652,-8.42144962519624,-17.214164965442,-20.6523375883128,..,..
Libya,LBY,Current account balance (% of GDP),BN.CAB.XOKA.GD.ZS,9.76837790697674,3.38835921882208,12.9522903033908,13.9362270373209,31.5733998579087,40.3370065652788,42.2273241911644,40.9703166424385,14.883150773359,22.4688056332675,9.20016026742626,29.1135137560503,0.0146558463385367,-46.2616445463228,-33.5678322859596,-17.960736985109,11.6843215455422,21.4340477726734,..,..
Liechtenstein,LIE,Current account balance (% of GDP),BN.CAB.XOKA.GD.ZS,..,..,..,..,..,..,..,..,..,..,..,..,..,..,..,..,..,..,..,..
Lithuania,LTU,Current account balance (% of GDP),BN.CAB.XOKA.GD.ZS,-4.68128994499286,-5.04747130166896,-6.79881742589499,-7.79537488247965,-7.34864128832281,-10.662545574538,-15.3760633424312,-13.5595956565747,2.32400262731673,0.195557226131264,-3.66410018834585,-1.60136827756337,1.70345524641395,3.40433282869267,-2.45194964150909,-0.801199642215663,0.96944893225771,1.52947639692775,4.2391686898769,..
Luxembourg,LUX,Current account balance (% of GDP),BN.CAB.XOKA.GD.ZS,7.77892317419306,7.15291615691633,7.26664323863082,7.28367774273346,6.98608919882051,6.72434191367284,6.63712004581497,6.55208462147379,5.84873395547386,6.14226616828587,5.78824365562439,5.6237338689568,5.56769443636208,5.05983089685111,5.10715450162811,4.87304812592946,5.19729942705681,4.70005877020407,4.3531851560258,..
"Macao SAR, China",MAC,Current account balance (% of GDP),BN.CAB.XOKA.GD.ZS,..,31.7396421442364,30.8093358663934,33.1345431627395,23.7863840492434,14.977683836237,21.8025154625773,15.64332426128,27.6906744735441,39.0833774571098,40.5301515871582,38.9764725447524,39.6877440988741,33.5283303515043,24.1420075156585,27.1139283529408,31.3291959200082,33.5530727709723,32.8557554652591,..
Madagascar,MDG,Current account balance (% of GDP),BN.CAB.XOKA.GD.ZS,-2.57548752038043,-8.9135985030236,-5.14632653245818,-7.87799234026893,-12.5308215648005,-9.15517447433989,-11.4927102020658,-15.9145808367884,-18.3949894941978,-9.18280834152364,-6.71354556239726,-7.58196553669787,-5.53390799341224,-0.922528020045866,-2.47737446000444,0.172893240201095,-0.495764755806186,0.578357097352426,..,..
Malawi,MWI,Current account balance (% of GDP),BN.CAB.XOKA.GD.ZS,-3.4926192839283,-5.74104430438141,-7.75923924733268,-10.9027531804216,-13.8600284319031,-7.66808975387404,-9.43003743078898,-13.0310909377088,-8.78084617293953,-13.9272487608294,-14.2017702272876,-12.3524800723122,-22.3992298490868,-18.6602475803073,-16.7015138267393,-18.5092189867105,-24.3909137892418,-23.3923932874905,-23.966112904305,..
Malaysia,MYS,Current account balance (% of GDP),BN.CAB.XOKA.GD.ZS,7.85355934414698,7.12945542035369,12.1423505560344,12.0877738119346,13.9199994956448,16.1038231952322,15.3812595680627,16.8596299170767,15.722997143133,10.0557184346893,10.9049912767471,5.18877827000898,3.46613363614787,4.39164533437125,3.00892360195384,2.36769047039565,2.80919895028417,2.11673272810613,..,..
Maldives,MDV,Current account balance (% of GDP),BN.CAB.XOKA.GD.ZS,-6.74844693303905,-3.96704001433817,-2.97459860769224,-9.9708472282721,-23.4672692200603,-19.1705839350464,-14.3948746476646,-26.9277527694823,-9.41593217957294,-7.57604640472633,-13.8208477642739,-6.39227653654347,-3.8662649098651,-3.18665949546394,-7.34158017460691,-23.5756461185353,-21.6784975472013,-28.2034672981941,-26.1537531904317,..
Mali,MLI,Current account balance (% of GDP),BN.CAB.XOKA.GD.ZS,-8.947002423743,-3.82573157166877,-5.76110223360957,-7.51163053182915,-7.00622463924173,-3.1647616275942,-7.13429284050379,-10.8527311079459,-6.42598554034913,-11.1322061047166,-5.05135780686149,-2.19151324785801,-2.82937256360358,-4.70462394850619,-5.3218722208282,-7.24071577498638,-7.86910600732366,-4.86749056263678,..,..
Malta,MLT,Current account balance (% of GDP),BN.CAB.XOKA.GD.ZS,-3.68044587876235,2.37828678759016,-2.88559074886935,-3.83268399475845,-6.52532642153917,-7.85394345299307,-2.02067063534774,-0.857312579803708,-6.54058578783881,-4.79705501940565,-0.136718557081953,1.64265913430264,2.66217113402596,8.77453463985961,2.81343750388381,3.80176635737243,10.5876009170643,11.0999942557429,9.71310461804728,..
Marshall Islands,MHL,Current account balance (% of GDP),BN.CAB.XOKA.GD.ZS,..,..,..,..,-1.79062471553329,-4.25019703681852,-5.34330899984488,-3.60208122381586,-17.3947497073762,-8.84313221924426,-3.31507928385675,-10.7240251188113,-15.4056218102017,-2.64193068476819,-3.80945335894526,-8.08393572251763,6.06934453029068,23.9658965331453,..,..
Mauritania,MRT,Current account balance (% of GDP),BN.CAB.XOKA.GD.ZS,..,..,..,..,..,..,..,..,..,..,..,-18.223160371795,-17.468474798374,-22.3452375422524,-15.5013622123377,-11.0456905370796,-10.4906732719972,-13.8014329580512,-10.944607521788,..
Mauritius,MUS,Current account balance (% of GDP),BN.CAB.XOKA.GD.ZS,5.98402616367877,5.15123347598644,1.60192267271418,-1.69921112297628,-4.99250942968665,-8.59904946642481,-5.32426463286704,-9.76704662749417,-7.1747497411416,-10.0540447638357,-13.5461524496587,-7.09173348916657,-6.18547070960585,-5.38941438817861,-3.56632038731312,-4.01678297353813,-4.61732540297839,-3.91623652929218,-5.37282332720476,..
Mexico,MEX,Current account balance (% of GDP),BN.CAB.XOKA.GD.ZS,-2.34602393744619,-1.92672632631441,-1.14419241482015,-0.896993136878582,-1.03173221707115,-0.364106152574681,-0.94024980439495,-1.51393499947656,-0.866061479832793,-0.460534222196264,-1.00920606011638,-1.55304100081221,-2.47382311811999,-1.93522810455755,-2.65478507636082,-2.26135212786885,-1.77018132118965,-2.08197043642606,-0.345758801057856,..
"Micronesia, Fed. Sts.",FSM,Current account balance (% of GDP),BN.CAB.XOKA.GD.ZS,..,..,..,..,..,..,..,..,-13.6483060432146,-8.27519388329319,-14.2053237117959,-7.28256521721859,-0.685151745948481,7.01835931333612,..,..,..,..,..,..
Moldova,MDA,Current account balance (% of GDP),BN.CAB.XOKA.GD.ZS,-1.80863629279978,-1.19146609275515,-6.56921155001991,-1.7754260708042,-7.55634674386487,-11.3378014523841,-15.2481506457047,-16.1122078764184,-8.91988150945983,-6.9028170271417,-10.1249990657242,-7.39014568651113,-5.16295965818474,-5.97567713323018,-5.97580576408513,-3.4974996045756,-5.74285195025584,-10.5728080959603,-9.69684462092117,..
Monaco,MCO,Current account balance (% of GDP),BN.CAB.XOKA.GD.ZS,..,..,..,..,..,..,..,..,..,..,..,..,..,..,..,..,..,..,..,..
Mongolia,MNG,Current account balance (% of GDP),BN.CAB.XOKA.GD.ZS,-4.86593852642615,-7.52987540545581,-6.1849966690847,3.16276343681137,3.46785364533162,10.9006894960345,4.05637173009382,-12.2837571302733,-7.45624740801021,-12.3162163590392,-43.3455181982183,-43.7712346806092,-37.6076656285953,-15.8208781010844,-8.07222150962688,-6.25447042041796,-10.1126245338449,-14.5132425454159,-15.6046356879477,..
Montenegro,MNE,Current account balance (% of GDP),BN.CAB.XOKA.GD.ZS,..,..,..,..,..,..,-39.7768023439185,-49.6472351090603,-27.6857497590878,-20.5851246969808,-14.6474884596075,-15.6239045455036,-11.4516082625241,-12.416968325593,-10.9289727759659,-16.1636259170214,-15.6777494017028,-17.1249609417747,-15.2368123493927,..
Morocco,MAR,Current account balance (% of GDP),BN.CAB.XOKA.GD.ZS,4.08281721328645,3.49671081992654,3.03814811509638,1.62607439457917,1.66909981901825,2.05596959485346,-0.154395843318789,-4.89526691037732,-5.35142524262599,-4.21079823648715,-7.89144815367072,-9.74013167028853,-7.34282511187015,-5.99308873214076,-2.1355018540574,-4.04569050746057,-3.35166427573041,-5.2621569590227,-4.13999050371617,..
Mozambique,MOZ,Current account balance (% of GDP),BN.CAB.XOKA.GD.ZS,..,..,..,..,-8.9354100945747,-8.25651198422429,-7.54259460746085,-9.12311663829924,-10.304301824178,-15.1469553204154,-23.1467493955346,-41.5268707674909,-36.84062766904,-32.7224995554076,-37.4137163012718,-32.2191519522801,-19.5591904140017,-30.5815984738425,-20.2522656579223,..
Myanmar,MMR,Current account balance (% of GDP),BN.CAB.XOKA.GD.ZS,-2.34635994742259,1.41024552018482,-0.182395916009129,1.04340168282983,4.85379033880321,5.47410687810815,6.84128559608505,3.91377460527001,2.67166530648619,3.17749475847855,-2.60285417206877,-2.10158998772926,-0.644739695622247,-3.25326046835828,-4.18395818250036,-2.64355680807119,-6.53217868994672,-2.80585005803137,0.496842493913612,..
Namibia,NAM,Current account balance (% of GDP),BN.CAB.XOKA.GD.ZS,0.303177969606702,2.62096493986345,5.52147454372568,6.88680837313447,4.62610540597139,13.8207438164992,8.55548906452418,-0.108577892124033,-3.28478489358806,-3.35640057384565,-6.70897986541582,-8.32387207604654,-7.81489826847708,-9.3226703340967,-13.5996181561976,-16.3634410912043,-3.63196980935972,-2.72966270769725,-2.02872991329658,..
Nauru,NRU,Current account balance (% of GDP),BN.CAB.XOKA.GD.ZS,..,..,..,..,..,..,..,..,..,49.7831232075821,29.9145099631185,35.9671074183887,46.557221993218,24.8718662123642,-19.2461960345847,2.07755494669471,12.875672156555,6.77819212476574,..,..
Nepal,NPL,Current account balance (% of GDP),BN.CAB.XOKA.GD.ZS,-2.74157105052744,3.55629677532074,2.84759408801275,1.37422203617593,1.88302396368448,1.65950180353451,0.05481011066772,5.84548564127575,0.166582495866467,-0.797465992929109,1.52591278934666,3.06318050471794,6.0161779744029,2.4807673160435,11.4270635632498,-0.792176595649065,-4.10094867286058,-9.51092923043614,-5.59228225510326,..
Netherlands,NLD,Current account balance (% of GDP),BN.CAB.XOKA.GD.ZS,2.27589559317959,2.33928372561666,5.16455589823659,6.74319948994106,6.06783176013518,7.79922442831521,5.906151894335,4.10999590480441,5.76709850260314,7.30057169655299,9.00061916746851,10.6695017445524,9.74962257658101,8.52464333017881,6.34413630745884,8.03094452982454,10.8151069290053,10.830898588246,9.92293012855342,..
New Caledonia,NCL,Current account balance (% of GDP),BN.CAB.XOKA.GD.ZS,..,..,..,..,..,..,..,..,..,..,..,..,..,..,..,..,..,..,..,..
New Zealand,NZL,Current account balance (% of GDP),BN.CAB.XOKA.GD.ZS,-0.776440240634345,-2.09521936295547,-2.40599179153862,-4.50791009901217,-6.99536794869388,-7.06074002879235,-6.79050615414744,-7.70029352599,-2.48042693382812,-2.33897297829566,-2.86204788561973,-3.90773449499549,-3.05843628315659,-3.08496296919365,-2.62294834427947,-2.11132205415247,-2.70703466619244,-3.70751115150998,-2.91661737613703,..
Nicaragua,NIC,Current account balance (% of GDP),BN.CAB.XOKA.GD.ZS,-15.4100585034642,-15.0089591937934,-13.2551615716627,-11.8607869966749,-12.3956399101001,-13.0806629950016,-16.2594665936473,-17.0684843258284,-8.45315167870325,-8.87466638867059,-11.9078034911785,-11.7243088151682,-12.5685386955401,-8.02830015823401,-9.87323798485506,-8.48333484983958,-7.16019199333784,-1.85702967683713,6.03709858601349,..
Niger,NER,Current account balance (% of GDP),BN.CAB.XOKA.GD.ZS,-3.77664303660816,-5.97976485235055,-6.46947808166821,-6.18029153207283,-7.12360328264958,-6.62033471979268,-6.17643215722747,-9.05925329857073,-18.2088437274235,-14.5921361989953,-16.4684461445815,-10.9072606416001,-11.3283114192534,-12.0840805466867,-15.3731852296791,-11.4895746047822,-11.4128742091096,-12.6690201334326,..,..
Nigeria,NGA,Current account balance (% of GDP),BN.CAB.XOKA.GD.ZS,3.34695470794482,1.13550500673115,3.23185896513612,12.347703254637,20.7393229080983,15.4667347631211,10.031088349807,8.64751878851481,4.75177593833602,3.60834460926377,2.5999216045053,3.78214638829249,3.69907345527109,0.159461314212952,-3.12154620982211,0.672764038323157,2.76762957423318,0.97393384102524,-3.79728105223264,..
North Macedonia,MKD,Current account balance (% of GDP),BN.CAB.XOKA.GD.ZS,-6.34434073066664,-9.42563866982062,-3.75036147432337,-7.94700691734537,-2.54533578773891,-0.416080907462341,-7.26622964328816,-12.4707587240028,-6.48354444358213,-2.10791290724495,-2.49367410999186,-3.27478765624004,-1.63763885632599,-0.629876006521566,-1.91337826460789,-2.90235461005472,-0.855503440894753,-0.202713526197237,-2.77956157492394,..
Northern Mariana Islands,MNP,Current account balance (% of GDP),BN.CAB.XOKA.GD.ZS,..,..,..,..,..,..,..,..,..,..,..,..,..,..,..,..,..,..,..,..
Norway,NOR,Current account balance (% of GDP),BN.CAB.XOKA.GD.ZS,15.8334058158984,12.4122948877976,12.1025495456447,12.475820006909,16.1767660512487,16.1794230026808,12.4040323379275,15.7739451351091,11.6960452864052,11.7218197596441,13.3364974349351,12.4817608423334,10.2245064284443,11.0280003553635,8.06258507335209,4.00355472270753,4.57142510834835,7.17200016429275,4.1292698226791,..
Oman,OMN,Current account balance (% of GDP),BN.CAB.XOKA.GD.ZS,10.7055473105772,9.63730971348886,6.7202038902647,3.53974121996303,16.6576855493264,15.2203780705126,5.85039983190993,8.24063438109838,-1.03550148613567,8.12299192158651,13.0043029828671,10.2057390318005,6.60491900294553,5.18703459863436,-16.0145566355569,-19.1496601391965,-15.553250591279,-5.41037153775712,-5.37822934925257,..
Pakistan,PAK,Current account balance (% of GDP),BN.CAB.XOKA.GD.ZS,2.36272766209221,4.82322846495381,3.89383049131859,-0.758168519720007,-3.00378262393642,-4.915343423205,-5.4473609475371,-9.20431631971432,-2.37488200434297,-0.764256566693097,-1.03330058972097,-1.04374819843863,-1.90988122358778,-1.49696623657738,-1.03601422092178,-2.58057718270209,-5.31233112850804,-5.9952107285368,-2.56739021815686,..
Palau,PLW,Current account balance (% of GDP),BN.CAB.XOKA.GD.ZS,..,..,..,..,-21.4560201554859,-25.8094247967626,-18.5943153755343,-17.2827386230085,-3.35020324244546,-10.1791941628259,-13.1219257129759,-16.3352494613036,-13.0765771671564,-19.9030713623058,-8.64764571116982,-15.4098228855471,-18.0905541335802,..,..,..
Panama,PAN,Current account balance (% of GDP),BN.CAB.XOKA.GD.ZS,-1.36218059084787,-0.734937038290235,-3.91777958626086,-6.68137279158099,-6.49856114674266,-2.55037212320458,-7.21826230505937,-10.4981383961129,-0.782545457077278,-10.5736014918326,-13.0386147805179,-9.23850535621091,-8.95614035087719,-13.3753993770219,-8.96329751144815,-7.77957266477515,-5.93409537279609,-8.22233720569584,-5.24013687560628,..
Papua New Guinea,PNG,Current account balance (% of GDP),BN.CAB.XOKA.GD.ZS,9.28741777969625,-0.83771505987784,4.01861390427821,4.79140919548254,13.3520776079467,5.27632046815239,1.89444736767193,6.81302195662778,-5.09159374446994,-4.50850147710566,-1.10019875507142,-10.7879115072949,-16.2256096591466,12.13939170257,20.2863160941134,24.9292577077879,23.5145881285166,23.2815807950623,..,..
Paraguay,PRY,Current account balance (% of GDP),BN.CAB.XOKA.GD.ZS,-0.375729695210563,8.61307588678674,0.221163990286845,-0.101927990310014,-0.628692309199553,1.24447680615271,4.36241493364283,0.812103566907807,2.702314420611,0.181632261554976,0.5923383690739,-0.859915506643685,1.61008382536967,-0.125785284965528,-0.400690257035602,3.62053379101988,3.11328940733469,-0.173093864637841,-1.0258584053566,..
Peru,PER,Current account balance (% of GDP),BN.CAB.XOKA.GD.ZS,-2.31175794610238,-2.02693936398421,-1.61504289543387,0.0288861085400799,1.50881026119421,3.24050716695869,1.42931463476859,-4.41112077807089,-0.598288729210879,-2.41609106191564,-1.96422212136988,-3.16169034901595,-5.15947518082015,-4.52509763908629,-5.01874819468908,-2.63914066518612,-1.26468644757289,-1.61840364067801,..,..
Philippines,PHL,Current account balance (% of GDP),BN.CAB.XOKA.GD.ZS,-2.21740527184656,-0.334490330373069,0.327438874589341,1.71049040270092,1.85290743388468,5.45452332294989,5.17497337464531,0.0795665792244737,4.79650693316199,3.44540919099251,2.40919069489605,2.65327820420888,4.00964956771067,3.61563915836025,2.37094985654503,-0.376262660444994,-0.652387926751483,-2.55939306089441,-0.898697559640748,..
Poland,POL,Current account balance (% of GDP),BN.CAB.XOKA.GD.ZS,-3.12091149075291,-2.79040780047791,-2.51617087702292,-5.4295874872195,-2.60711662121654,-4.02992644522651,-6.39279159884776,-6.71189722431949,-4.06258461406164,-5.3915799994188,-5.16647827707515,-3.71172149684705,-1.27977122267856,-2.09116746976047,-0.549853936385255,-0.51923881389336,0.0189976530034167,-0.991289425035841,0.413398711093987,..
Portugal,PRT,Current account balance (% of GDP),BN.CAB.XOKA.GD.ZS,-10.4434477880597,-8.35720575710986,-6.68164454040197,-7.99807486902509,-9.60379129218329,-10.2387851532604,-9.67020183234382,-11.9044075658242,-10.3081858996522,-10.2599847579035,-6.01285931472138,-1.64714401974473,1.64372059730301,0.148458737936501,0.23613123488082,1.16977919766165,1.37839079896265,0.379940301856613,-0.0992883983927207,..
Puerto Rico,PRI,Current account balance (% of GDP),BN.CAB.XOKA.GD.ZS,..,..,..,..,..,..,..,..,..,..,..,..,..,..,..,..,..,..,..,..
Qatar,QAT,Current account balance (% of GDP),BN.CAB.XOKA.GD.ZS,..,..,..,..,..,..,..,..,..,..,31.0675107947676,33.1847220547568,30.4240297828632,23.9592464211398,8.50181661296379,-5.45006834991535,3.84928080050031,8.70193149744888,2.32189357264041,..
Romania,ROU,Current account balance (% of GDP),BN.CAB.XOKA.GD.ZS,-5.51803360382447,-3.31046026341108,-5.72772898368883,-8.51243537185881,-8.67477198448257,-10.6661682432326,-13.7035136096981,-11.6586478523809,-4.72944264174738,-5.10058154188616,-5.05690467562068,-4.78986369600797,-0.782877754047971,-0.179855586897508,-0.570748118252279,-1.39353436401682,-2.78994322289835,-4.34681222602876,-4.55215642824257,..
Russian Federation,RUS,Current account balance (% of GDP),BN.CAB.XOKA.GD.ZS,10.4545347443772,7.9523289090993,7.69798573457628,9.908322542702,11.0454005698574,9.32545931833775,5.55456642217766,6.25797790659258,4.12087479027539,4.42333446864605,4.75451989097714,3.22792765583216,1.45817186958541,2.79290928233835,4.97089265241902,1.91643636708399,2.04412670112104,6.92866804532083,3.84364140385893,..
Rwanda,RWA,Current account balance (% of GDP),BN.CAB.XOKA.GD.ZS,..,..,..,..,..,..,..,..,..,-6.94300592198378,-7.02593408727981,-9.53625676796009,-7.09022333705793,-11.4232688695321,-14.7653656555302,-15.4504073094575,-7.45348849968081,-7.74629280883426,..,..
Samoa,WSM,Current account balance (% of GDP),BN.CAB.XOKA.GD.ZS,..,..,..,-6.2230626286553,-10.2099035772194,-15.1591459463888,-8.02079544112542,-8.75985165668607,-1.9163023632236,-6.5838863667585,-11.336920895104,-1.01309208118053,-5.80891839509261,-6.13819933120068,-1.61227734740368,-4.80781422678192,-1.27573731456919,2.49480995248524,..,..
San Marino,SMR,Current account balance (% of GDP),BN.CAB.XOKA.GD.ZS,..,..,..,..,..,..,..,..,..,..,..,..,..,..,..,..,..,..,..,..
Sao Tome and Principe,STP,Current account balance (% of GDP),BN.CAB.XOKA.GD.ZS,-35.5295478928281,-31.2249092080189,-27.7540105429983,-32.3271677916256,-26.5288805399764,-40.3848411335064,-43.1435166639449,-49.7318371902327,-41.9446492348967,-44.3524683997223,-45.3495983039356,-39.1470834009396,-26.8253656209587,-29.7861971979873,-21.583714758782,-17.6938225696819,-19.503202032356,-17.7911220617229,-20.7790376597452,..
Saudi Arabia,SAU,Current account balance (% of GDP),BN.CAB.XOKA.GD.ZS,5.07959957681559,6.26198449832396,12.9967338896026,20.0686191554423,27.3976579155667,26.2494043294328,22.4368788839749,25.4565268476333,4.88341065317189,12.6372741558489,23.6197918823459,22.3871308005515,18.1400817044708,9.7518570033891,-8.66978432663435,-3.69692028169343,1.51967798314106,9.15065013376407,5.92071729002219,..
Senegal,SEN,Current account balance (% of GDP),BN.CAB.XOKA.GD.ZS,-3.97867867598473,-4.71423118733832,-5.03882082169287,-5.02924570857953,-6.13382096190172,-7.27540681760259,-9.18752918878015,-11.1586491458032,-5.27571572623799,-3.63182426974637,-6.41364425544001,-8.57254243564538,-8.17201185971744,-6.80294482471149,-5.31619477198598,-4.17875600586156,-7.26914020145639,-9.53372048738595,..,..
Serbia,SRB,Current account balance (% of GDP),BN.CAB.XOKA.GD.ZS,..,..,..,..,..,..,-17.4283930998829,-20.1884408169257,-6.19854227054115,-6.43777556259973,-10.3297095364876,-10.9135289628964,-5.77376626244455,-5.59830747782195,-3.45754156402117,-2.92889873295934,-5.26452600246576,-4.86012660001097,-6.87858827438358,..
Seychelles,SYC,Current account balance (% of GDP),BN.CAB.XOKA.GD.ZS,-24.5972080376891,-14.51849113232,-1.32657831675976,-7.18656843419324,-18.939051614114,-13.1606598380925,-18.7708590313561,-27.1864381551826,-22.3580687138986,-22.1035298314531,-28.2677290185771,-15.2149873578856,-11.9420564004929,-23.1125788389233,-18.5976212774474,-20.0181283485098,-19.3540734201842,-17.840377303371,-16.3729624005341,..
Sierra Leone,SLE,Current account balance (% of GDP),BN.CAB.XOKA.GD.ZS,-8.97549542556799,-5.84274232592876,-5.9762308628688,-6.83647913460979,-6.35796882004781,-5.04050014938206,-7.41876128356195,-8.99813218709685,-13.3251087330382,-22.7033171435486,-65.0289183646346,-31.8320946134752,-14.9805705127317,-9.42601630241072,-23.7768121975852,-4.43077949620924,-14.0691352737656,-15.8164604000818,..,..
Singapore,SGP,Current account balance (% of GDP),BN.CAB.XOKA.GD.ZS,14.4327450081349,14.877153458493,24.3023194512822,19.3108014562814,23.2605192300734,26.892822810994,27.1432965101223,15.0838513862031,16.3928942358131,22.9332126634087,22.2188757911612,17.6436127432855,15.707187590209,17.9509218958808,18.6926823739147,17.6380018324108,16.2638231598757,17.1787948266363,16.970037848742,..
Sint Maarten (Dutch part),SXM,Current account balance (% of GDP),BN.CAB.XOKA.GD.ZS,..,..,..,..,..,..,..,..,..,..,..,..,..,..,..,..,..,..,..,..
Slovak Republic,SVK,Current account balance (% of GDP),BN.CAB.XOKA.GD.ZS,-5.66606035604104,-5.56488517828646,-0.602219162434061,-7.60335384221277,-8.16297488785075,-7.71126963036136,-5.35888199796344,-6.24109553049837,-3.39232050121374,-4.66785664506264,-4.95896027094994,0.942004195017095,1.82042280502245,1.18496389882358,-2.0906044333957,-2.71359988740544,-1.9411760300485,-2.16685487890159,-2.6958268991552,..
Slovenia,SVN,Current account balance (% of GDP),BN.CAB.XOKA.GD.ZS,0.149930713983594,1.03789332456996,-0.727862623621162,-2.5933621635497,-1.87950215630252,-1.76101618010634,-4.19656683880872,-5.30391419762887,-1.08261066254891,-0.760972761075421,-0.837580270471876,1.28820907461388,3.29136092658075,5.1042595055054,3.82057275638153,4.7997724925538,6.2494045737472,5.86704422397486,5.67429685830241,..
Solomon Islands,SLB,Current account balance (% of GDP),BN.CAB.XOKA.GD.ZS,-16.1909022572919,-19.7785764583236,-11.9974854673157,-5.04427859145265,-21.7926783590034,-9.23528253086381,-15.5347644298413,-13.0864381728204,-9.96844304653759,-21.1635212219074,-2.01262198609479,2.48059183576238,-3.41183567628336,-4.22813694787249,-3.12414244194386,-3.96628069117276,-4.79778894411276,-3.42611237288384,-10.8062826984791,..
Somalia,SOM,Current account balance (% of GDP),BN.CAB.XOKA.GD.ZS,..,..,..,..,..,..,..,..,..,..,..,..,..,..,..,..,..,..,..,..
South Africa,ZAF,Current account balance (% of GDP),BN.CAB.XOKA.GD.ZS,0.281973495776098,0.874058942413965,-0.879608579933497,-2.80578617406989,-3.10949048751652,-4.44546531824073,-5.40093573436839,-5.72265589484928,-2.67179591668238,-1.46323382528446,-2.23784999371321,-5.1257298243901,-5.80106784294712,-5.07945095510114,-4.58655810065503,-2.81868670973016,-2.54979944985608,-3.63411283247239,-3.03524634313011,..
South Sudan,SSD,Current account balance (% of GDP),BN.CAB.XOKA.GD.ZS,..,..,..,..,..,..,..,..,..,..,..,..,..,-5.65945565697319,-4.169014055128,..,..,..,..,..
Spain,ESP,Current account balance (% of GDP),BN.CAB.XOKA.GD.ZS,-4.39280371474807,-3.72156176197418,-3.87677393739166,-5.49877161140486,-7.27620861237921,-8.85638446618003,-9.46163173147175,-8.96586807076523,-4.06701682361139,-3.67767544272603,-2.70327052422534,0.0554905973974906,2.03637961889562,1.65491140642787,2.0171774887954,3.18962877439458,2.71308807657284,1.92336082858352,1.96108341443019,..
Sri Lanka,LKA,Current account balance (% of GDP),BN.CAB.XOKA.GD.ZS,-1.36821186331088,-1.42925945944237,-0.374541248460878,-3.1340311530145,-2.66382240513017,-5.29710326603781,-4.33041496995547,-9.5431986826527,-0.510385793787471,-1.89513583292591,-7.06880899877753,-5.85838307246949,-3.41852817225698,-2.50475446950834,-2.33582973447677,-2.11453610599608,-2.64102153429613,-3.16542256850416,-2.15222787974239,..
St. Kitts and Nevis,KNA,Current account balance (% of GDP),BN.CAB.XOKA.GD.ZS,-22.5912169725495,-25.0533919615363,-23.8085990989136,-12.9200827837441,-11.2025105240906,-13.2072509655616,-16.3988314786655,-27.0664759012385,-24.0841788908589,-18.230098758575,-12.4973712839001,-10.5878061115893,-7.4667214141432,0.0989366348642909,-8.65722421308126,-12.7308170977162,-11.0115452068152,-7.15918305088609,..,..
St. Lucia,LCA,Current account balance (% of GDP),BN.CAB.XOKA.GD.ZS,-12.0520746887967,-11.7781490123457,-14.9431036384096,-8.54476243055556,-11.4015591324201,-24.362229942235,-25.7965115315299,-23.6386589569883,-9.7568434294565,-13.6373953299881,-15.3890276137448,-11.3964894591502,-6.02631420760093,-0.266011688419457,2.07660481286811,-4.15496755968009,1.3632292073035,4.97823891129984,..,..
St. Martin (French part),MAF,Current account balance (% of GDP),BN.CAB.XOKA.GD.ZS,..,..,..,..,..,..,..,..,..,..,..,..,..,..,..,..,..,..,..,..
St. Vincent and the Grenadines,VCT,Current account balance (% of GDP),BN.CAB.XOKA.GD.ZS,-8.69412364640922,-9.08604888534891,-16.4952414409664,-19.7618815087537,-18.5568843674717,-19.5423911363797,-28.0147117575284,-33.1204998525024,-29.2369087983602,-30.5791542480605,-29.414293993591,-27.8348159194407,-29.1562140135369,-26.3131926403585,-15.3315180356047,-13.0469713813404,-12.0196761428628,-12.2197717848721,..,..
Sudan,SDN,Current account balance (% of GDP),BN.CAB.XOKA.GD.ZS,-3.95889251572629,-6.57669096775781,-5.31878736578626,-3.81326406266589,-9.322425308176,-18.1334821943348,-7.83711203191992,-6.59104708360952,-9.86158524506718,-2.79458026704792,-4.58255495605927,-11.8617591320253,-10.0849321904349,-5.45945446019299,-7.35015672151437,-8.13825564477975,-10.1616289297461,-17.9399988413197,..,..
Suriname,SUR,Current account balance (% of GDP),BN.CAB.XOKA.GD.ZS,..,..,..,..,-8.00718758930394,8.3993924507355,11.0501488649051,9.19057022066406,2.87195431472081,14.8979097807054,9.75308043949003,3.26046699609319,-3.80907333945483,-7.9447179970796,-16.427292991529,-5.12893301573869,1.89710502611483,-3.41179480825962,-10.2924213671238,..
Sweden,SWE,Current account balance (% of GDP),BN.CAB.XOKA.GD.ZS,6.17417150779211,4.66650957062381,5.85395625185695,5.94682462162939,6.01281268345627,8.1468586360913,8.12769590551447,7.88148566618713,5.93722788958589,5.88848031612691,5.47615820395927,5.50556204200994,5.16295563881202,4.47050819718058,4.0972497397241,3.50636155281836,3.0840063477233,2.50591906121115,4.20952764712771,..
Switzerland,CHE,Current account balance (% of GDP),BN.CAB.XOKA.GD.ZS,8.13395799763247,8.47841595778191,12.6416122326616,14.6173837736092,13.4827238652328,14.2905894203013,9.98741615432521,2.37886135785901,7.52003862527973,14.7009387951744,7.8134365555785,10.6747047900924,11.5719298513305,8.54586470296287,11.2677298302375,9.85881495344041,6.41651928391834,8.20508869380212,12.2556532798439,..
Syrian Arab Republic,SYR,Current account balance (% of GDP),BN.CAB.XOKA.GD.ZS,5.78677544348545,6.67214991308772,3.44509352863578,2.35780138765007,1.03607317393746,2.75944046100383,1.13742330662004,..,..,..,..,..,..,..,..,..,..,..,..,..
Tajikistan,TJK,Current account balance (% of GDP),BN.CAB.XOKA.GD.ZS,..,-1.23933684650253,-0.306287881295417,-2.74745120311968,-12.8100132768591,-13.1583799127328,-32.0964178947341,-20.5137054223769,-14.4085040412864,-10.2988341959906,-6.33658203943506,-8.92693979317171,-10.4728096077702,-3.47273548888518,-6.07382177999926,-4.18294548703058,2.22090395347741,-5.04699046414845,-2.28320185450451,..
Tanzania,TZA,Current account balance (% of GDP),BN.CAB.XOKA.GD.ZS,-4.1503544972071,-0.323734755107449,-1.14425962072423,-2.89867637073093,-5.93812803175353,-5.90926747995697,-7.8500875442373,-9.22325603755894,-6.22361084441094,-6.90561244236868,-12.6408336390404,-9.49378455839862,-10.9192131663606,-10.1311294796353,-8.39560658306942,-5.3536118139375,-3.40185471997239,-3.25906723535847,..,..
Thailand,THA,Current account balance (% of GDP),BN.CAB.XOKA.GD.ZS,4.24027233043999,3.46550653953316,3.13356271744097,1.59597279475727,-4.03646130445284,1.04380809209389,5.92665749339957,0.3194661418766,7.87656547559482,3.36732414082915,2.54216821199204,-1.23233669674868,-2.10153684649177,2.85828184276224,6.91582029331513,10.5067334327372,9.63234113702125,5.61813518943957,7.04001413844513,..
Timor-Leste,TLS,Current account balance (% of GDP),BN.CAB.XOKA.GD.ZS,..,..,..,..,..,119.206860706029,216.878849612621,311.761731694529,176.776844619239,189.536293761865,222.431798231265,238.374535223238,171.264232544109,76.4284853748174,14.08049137907,-32.1897668029371,-21.0652109217364,-12.1857564688315,8.00577761224872,..
Togo,TGO,Current account balance (% of GDP),BN.CAB.XOKA.GD.ZS,-11.4289019818533,-8.25475142706823,-7.68742929822776,-9.18728514747604,-8.94404951201846,-7.51004113422585,-8.12482942443824,-6.73243307878067,-5.27021702592587,-5.82897710778549,-7.80131702278308,-7.59348351083683,-13.1527818244665,-10.0212288738578,-11.0270117500203,-9.7309705917841,-2.00506843374282,-3.45107702301198,..,..
Tonga,TON,Current account balance (% of GDP),BN.CAB.XOKA.GD.ZS,-7.25574669761766,-3.46671860227195,-6.3309592145482,-3.28705460138281,-9.28084510751141,-8.05627757729802,-16.4061769409297,-17.9446060245021,-29.4958396791112,-23.6645477160071,-19.8271825137045,-14.7812695042079,-9.4966732551993,-6.22444420782133,-10.1259324766339,-6.76979778146178,-6.85352438888445,-6.04570864394028,..,..
Trinidad and Tobago,TTO,Current account balance (% of GDP),BN.CAB.XOKA.GD.ZS,4.71394897134603,0.848109220110144,8.70995091964198,13.5001620673052,24.2853098035383,38.7864453052226,23.8728005055128,30.4935230853501,8.51638835816151,18.8299351886903,16.7608486555343,13.4312002983726,19.2634708626106,13.8315263499218,6.95896900530949,-4.39543972514855,5.32198838586904,5.7563699688408,4.84550787924907,..
Tunisia,TUN,Current account balance (% of GDP),BN.CAB.XOKA.GD.ZS,-3.80889072521036,-3.22379938633352,-2.66084995432045,-1.41666982178588,-0.927348341079336,-1.80163014245208,-2.35662578605075,-3.81493147546806,-2.83914509164893,-4.77729583138396,-7.39074869385447,-8.26164534349022,-8.38610298200765,-9.11268418209287,-8.91685442056788,-8.83769376861424,-10.2499512001888,-11.1724817712638,-8.46461117527201,..
Turkey,TUR,Current account balance (% of GDP),BN.CAB.XOKA.GD.ZS,1.8776348817109,-0.262552917178379,-2.4225281355125,-3.50752596639534,-4.18414796987943,-5.64013359801659,-5.46724386479703,-5.15807415324076,-1.76222414479084,-5.78052827417381,-8.93692296175502,-5.48752565471213,-5.87620552570103,-4.15848701640628,-3.17679685374295,-3.10852461095159,-4.75959953015096,-2.68943943578552,1.17044843074314,..
Turkmenistan,TKM,Current account balance (% of GDP),BN.CAB.XOKA.GD.ZS,..,..,..,..,..,..,..,..,..,..,..,..,..,..,..,..,..,..,..,..
Turks and Caicos Islands,TCA,Current account balance (% of GDP),BN.CAB.XOKA.GD.ZS,..,..,..,..,..,..,..,..,..,..,..,..,..,13.0895770006653,17.1861176578888,25.9987583363015,3.63792131575891,16.8939870949142,..,..
Tuvalu,TUV,Current account balance (% of GDP),BN.CAB.XOKA.GD.ZS,-59.1647780417952,0.161756830855262,-34.4979477365433,-32.787971816519,-19.5877256454006,28.5957869369269,-16.1456051572765,-12.2434356719664,-62.3840920686742,-44.0358323236688,-61.6406915872514,17.0641771212405,18.1509797851687,..,..,..,..,..,..,..
Uganda,UGA,Current account balance (% of GDP),BN.CAB.XOKA.GD.ZS,-5.23214599453164,-2.46011695226481,-0.606561441522988,-0.0210950090549652,0.546094859636956,-3.08193764294343,-4.48763684220075,-8.59496365830806,-4.20492429456116,-6.08442448400239,-7.54978545279899,-6.11266103539549,-6.42599569258154,-6.69586903566368,-5.20243022698828,-2.87721523328336,-4.83653153303517,-7.02471038311073,-6.78329919923582,..
Ukraine,UKR,Current account balance (% of GDP),BN.CAB.XOKA.GD.ZS,3.486752062591,7.50857218848353,5.79224614727951,10.6618816274915,2.94452867323778,-1.50397702815559,-3.68285494849499,-7.10779007339006,-1.48232384317456,-2.21743255638136,-6.27177040456434,-8.15501623514152,-9.01095783641528,-3.44260865893888,5.53108528149239,-1.99880042777485,-3.09563152296237,-4.91360480099399,-2.68173450974748,..
United Arab Emirates,ARE,Current account balance (% of GDP),BN.CAB.XOKA.GD.ZS,..,..,..,..,..,..,..,..,..,..,..,..,..,..,..,..,..,..,..,..
United Kingdom,GBR,Current account balance (% of GDP),BN.CAB.XOKA.GD.ZS,-2.06156409111662,-2.05179780787895,-1.77577552112122,-2.31405279579689,-1.93601928168373,-2.79494801350882,-3.32449621140959,-3.92802191962679,-3.31318562243956,-3.18267264881482,-1.75624020306475,-3.43184465546129,-4.76890721804899,-4.72066884876575,-4.9030135772796,-5.26389390815618,-3.48923552866848,-3.85333178715092,-4.00729058409376,..
United States,USA,Current account balance (% of GDP),BN.CAB.XOKA.GD.ZS,-3.72411312892921,-4.17055160146939,-4.55826395005275,-5.20632963402656,-5.74710958375102,-5.91143663420311,-5.09660395827356,-4.73413567100505,-2.62812485422258,-2.88154002568297,-2.92935257634156,-2.58141514040749,-2.00688725997424,-2.09917429912755,-2.23584909419195,-2.11077685774941,-1.87453742406014,-2.19055444884592,-2.24674178394096,..
Uruguay,URY,Current account balance (% of GDP),BN.CAB.XOKA.GD.ZS,-2.38113490774505,2.8071070174134,-0.7244175476131,0.0228310712848396,0.243497121353953,-2.00148966633591,-0.941677592376943,-5.69379435058578,-1.20427823946328,-1.81420000438234,-2.74090657633972,-4.03580789250187,-3.62694296939478,-3.16963252800685,-0.9217911432319,0.590417798906897,0.686812412226904,-0.0465790725242017,0.623942355815574,..
Uzbekistan,UZB,Current account balance (% of GDP),BN.CAB.XOKA.GD.ZS,..,..,..,..,..,..,..,..,..,..,..,..,..,3.28531064862766,1.30855363321403,0.35741377879122,2.49474618112913,-7.09121892987404,-5.80192475038638,..
Vanuatu,VUT,Current account balance (% of GDP),BN.CAB.XOKA.GD.ZS,0.705178324233457,-6.4953722751385,-7.04480862740489,-6.14777943367831,-8.62045271829884,-6.85797395642877,-6.53737604415858,-23.2876564934631,1.68508685320759,-6.01848236073137,-7.69510729016857,-8.77756408345318,-0.642697218366879,8.22455031220002,-0.508960347133175,0.953832769719231,-6.40152910198689,9.42406822942755,..,..
"Venezuela, RB",VEN,Current account balance (% of GDP),BN.CAB.XOKA.GD.ZS,1.61345492586277,8.18032781959924,14.1065670038791,13.8003852605446,17.4881441669873,14.422475131385,5.84466290956638,9.9055750430549,0.13008371520602,1.42042436378266,5.1636396849605,0.678230616084593,1.24095235563662,1.01977919957402,..,..,..,..,..,..
Vietnam,VNM,Current account balance (% of GDP),BN.CAB.XOKA.GD.ZS,2.08657137294175,-1.72255927072095,-4.88211705933559,-2.10663701040253,-0.971989164919563,-0.246704373698266,-8.98165936412439,-10.9179529896098,-6.23310022814041,-3.68837700730549,0.174119062693354,6.0512128634238,4.52336666073797,5.02619019080434,-1.05619348472475,0.30446787539923,-0.736884881932091,2.40580086998849,5.00197951023197,..
Virgin Islands (U.S.),VIR,Current account balance (% of GDP),BN.CAB.XOKA.GD.ZS,..,..,..,..,..,..,..,..,..,..,..,..,..,..,..,..,..,..,..,..
West Bank and Gaza,PSE,Current account balance (% of GDP),BN.CAB.XOKA.GD.ZS,-20.6776260427205,-13.6551918587104,-26.9797547641018,-36.6798060014201,-28.2575023194638,-25.1216138014399,-7.60157008123908,5.70314312105968,-15.7311978980686,-14.6631784213978,-19.7747572676036,-16.1456832945097,-16.0032279923968,-14.9483154898886,-15.3019638741906,-15.9585452395173,-14.6912638472146,-14.6441743031301,..,..
"Yemen, Rep.",YEM,Current account balance (% of GDP),BN.CAB.XOKA.GD.ZS,..,..,..,..,3.72705761228132,1.07921640489992,-6.96671094082911,-4.64975999153366,-10.0572629905763,-3.41069923528219,-1.61143998897994,-0.945210830934344,-3.78691335137356,-3.44451495057182,-8.18370783767079,-8.61309842509166,..,..,..,..
Zambia,ZMB,Current account balance (% of GDP),BN.CAB.XOKA.GD.ZS,-18.0006111186887,-15.8142288212345,-13.5300496003962,-7.14882570592272,-2.78498414861087,4.64474506229629,-1.23802039926345,-3.33057905300122,5.95342818479562,7.52549147652086,4.65823655766585,5.37898486156035,-0.575785843950991,-1.42658813690368,-3.61361021564095,-4.55248127762428,-1.68162538965828,-1.26774138938546,0.636089531928563,..
Zimbabwe,ZWE,Current account balance (% of GDP),BN.CAB.XOKA.GD.ZS,..,..,..,..,..,..,..,..,-9.73444553098173,-11.989241139029,-17.2447716494217,-10.7272257103817,-13.2298813058084,-12.3371008945515,-8.4077599616852,-3.49397277499791,-1.39654413355409,..,..,..
,,,,,,,,,,,,,,,,,,,,,,,
,,,,,,,,,,,,,,,,,,,,,,,
,,,,,,,,,,,,,,,,,,,,,,,
Data from database: World Development Indicators,,,,,,,,,,,,,,,,,,,,,,,
Last Updated: 10/15/2020,,,,,,,,,,,,,,,,,,,,,,,
